Rank,Stock_Name,Symbol,Sector,Industry,Market_Cap_Cr
1,JSW Steel Ltd.,JSWSTEEL,Iron & Steel,Steel & Iron Products,309839.02
2,Tata Steel Ltd.,TATASTEEL,Iron & Steel,Steel & Iron Products,228946.58
3,Jindal Steel Ltd.,JINDALSTEL,Iron & Steel,Steel/Sponge Iron/Pig Iron,112209.69
4,Lloyds Metals & Energy Ltd.,LLOYDSME,Iron & Steel,Steel/Sponge Iron/Pig Iron,107974.0
5,Steel Authority Of India Ltd.,SAIL,Iron & Steel,Steel & Iron Products,70012.4
6,Jindal Stainless Ltd.,JSL,Iron & Steel,Steel & Iron Products,60772.09
7,APL Apollo Tubes Ltd.,APLAPOLLO,Iron & Steel,Steel & Iron Products,58141.67
8,Welspun Corp Ltd.,WELCORP,Iron & Steel,Steel & Iron Products,49405.35
9,Shyam Metalics And Energy Ltd.,SHYAMMETL,Iron & Steel,Steel & Iron Products,27897.83
10,Sarda Energy & Minerals Ltd.,SARDAEN,Iron & Steel,Steel & Iron Products,18700.87
11,Jindal Saw Ltd.,JINDALSAW,Iron & Steel,Steel & Iron Products,17039.7
12,Ratnamani Metals & Tubes Ltd.,RATNAMANI,Iron & Steel,Steel & Iron Products,16467.76
13,Godawari Power And Ispat Ltd.,GPIL,Iron & Steel,Steel & Iron Products,15858.18
14,Usha Martin Ltd.,USHAMART,Iron & Steel,Steel & Iron Products,14872.93
15,Vedanta Iron And Steel Ltd.,VISL,Iron & Steel,Steel & Iron Products,14421.51
16,Gallantt Ispat Ltd.,GALLANTT,Iron & Steel,Steel & Iron Products,14005.15
17,NMDC Steel Ltd.,NSLNISP,Iron & Steel,Steel & Iron Products,13038.27
18,Jayaswal Neco Industries Ltd.,JAYNECOIND,Iron & Steel,Steel & Iron Products,8591.39
19,Maharashtra Seamless Ltd.,MAHSEAMLES,Iron & Steel,Steel & Iron Products,8212.14
20,Mishra Dhatu Nigam Ltd.,MIDHANI,Iron & Steel,Steel & Iron Products,7810.2
21,Kirloskar Ferrous Industries Ltd.,KIRLFER,Iron & Steel,Steel & Iron Products,7118.6
22,Technocraft Industries (India) Ltd.,TIIL,Iron & Steel,Steel & Iron Products,7006.91
23,Jai Balaji Industries Ltd.,JAIBALAJI,Iron & Steel,Steel/Sponge Iron/Pig Iron,6460.56
24,Sunflag Iron And Steel Company Ltd.,SUNFLAG,Iron & Steel,Steel & Iron Products,6405.0
25,Aeroflex Industries Ltd.,AEROFLEX,Iron & Steel,Steel & Iron Products,6081.92
26,Shivalik Bimetal Controls Ltd.,SBCL,Iron & Steel,Steel & Iron Products,5991.99
27,Bansal Wire Industries Ltd.,BANSALWIRE,Iron & Steel,Steel & Iron Products,4975.35
28,Surya Roshni Ltd.,SURYAROSNI,Iron & Steel,Steel & Iron Products,4852.19
29,Man Industries (India) Ltd.,MANINDS,Iron & Steel,Steel & Iron Products,4496.45
30,Goodluck India Ltd.,GOODLUCK,Iron & Steel,Steel & Iron Products,4400.61
31,Electrosteel Castings Ltd.,ELECTCAST,Iron & Steel,Steel & Iron Products,4377.37
32,Kalyani Steels Ltd.,KSL,Iron & Steel,Steel & Iron Products,3650.27
33,Sambhv Steel Tubes Ltd.,SAMBHV,Iron & Steel,Steel & Iron Products,3568.47
34,Vardhman Special Steels Ltd.,VSSL,Iron & Steel,Steel & Iron Products,3410.17
35,Venus Pipes & Tubes Ltd.,VENUSPIPES,Iron & Steel,Steel & Iron Products,3267.66
36,Welspun Specialty Solutions Ltd.,WELSPLSOL,Iron & Steel,Steel & Iron Products,3171.26
37,JTL Industries Ltd,JTLIND,Iron & Steel,Steel & Iron Products,2962.26
38,Prakash Industries Ltd.,PRAKASH,Iron & Steel,Steel & Iron Products,2441.78
39,Pennar Industries Ltd.,PENIND,Iron & Steel,Steel & Iron Products,2062.25
40,Mukand Ltd.,MUKANDLTD,Iron & Steel,Steel & Iron Products,1934.07
41,MSP Steel & Power Ltd.,MSPL,Iron & Steel,Steel & Iron Products,1897.64
42,Mahamaya Steel Industries Ltd.,MAHASTEEL,Iron & Steel,Steel & Iron Products,1733.42
43,Rhetan TMT Ltd.,RHETAN,Iron & Steel,Steel & Iron Products,1679.81
44,Ratnaveer Precision Engineering Ltd.,RATNAVEER,Iron & Steel,Steel & Iron Products,1642.81
45,Hi-Tech Pipes Ltd.,HITECH,Iron & Steel,Steel & Iron Products,1588.3
46,Frontier Springs Ltd.,FRONTSP,Iron & Steel,Steel & Iron Products,1573.53
47,Steel Exchange India Ltd.,STEELXIND,Iron & Steel,Steel/Sponge Iron/Pig Iron,1387.76
48,Rajputana Stainless Ltd.,RSL,Iron & Steel,Steel/Sponge Iron/Pig Iron,1382.63
49,Bharat Wire Ropes Ltd.,BHARATWIRE,Iron & Steel,Steel & Iron Products,1294.84
50,Electrotherm (India) Ltd.,ELECTHERM,Iron & Steel,Steel & Iron Products,1279.76
51,Manaksia Coated Metals & Industries Ltd.,MANAKCOAT,Iron & Steel,Steel & Iron Products,1243.89
52,Mangalam Worldwide Ltd.,MWL,Iron & Steel,Steel & Iron Products,1225.15
53,Cosmic CRF Ltd.,COSMICCRF,Iron & Steel,Steel & Iron Products,1151.38
54,BMW Industries Ltd.,BMW,Iron & Steel,Steel & Iron Products,1110.13
55,Hariom Pipe Industries Ltd.,HARIOMPIPE,Iron & Steel,Steel & Iron Products,1089.12
56,Gandhi Special Tubes Ltd.,GANDHITUBE,Iron & Steel,Steel & Iron Products,1064.21
57,India Homes Ltd.,INDIAHOMES,Iron & Steel,Steel & Iron Products,1037.8
58,Kamdhenu Ltd.,KAMDHENU,Iron & Steel,Steel & Iron Products,977.29
59,SAL Steel Ltd.,SALSTEEL,Iron & Steel,Steel/Sponge Iron/Pig Iron,954.45
60,Beekay Steel Industries Ltd.,BEEKAY,Iron & Steel,Steel & Iron Products,828.78
61,Scoda Tubes Ltd.,SCODATUBES,Iron & Steel,Steel & Iron Products,798.89
62,Rama Steel Tubes Ltd.,RAMASTEEL,Iron & Steel,Steel & Iron Products,718.22
63,Panchmahal Steel Ltd.,PANCHMAHQ,Iron & Steel,Steel & Iron Products,570.92
64,Manaksia Steels Ltd.,MANAKSTEEL,Iron & Steel,Steel & Iron Products,562.81
65,VISA Chrome Ltd.,VISACHROME,Iron & Steel,Steel & Iron Products,539.42
66,Systematic Industries Ltd.,SYSTEMATIC,Iron & Steel,Steel & Iron Products,524.34
67,Azad India Mobility Ltd.,AZADIND,Iron & Steel,Steel & Iron Products,496.58
68,Shah Metacorp Ltd.,SHAH,Iron & Steel,Steel & Iron Products,407.87
69,Vraj Iron & Steel Ltd.,VRAJ,Iron & Steel,Steel/Sponge Iron/Pig Iron,406.18
70,Suraj Ltd.,SURAJLTD,Iron & Steel,Steel & Iron Products,400.43
71,Scan Steels Ltd.,SCANSTL,Iron & Steel,Steel & Iron Products,369.95
72,Bedmutha Industries Ltd.,BEDMUTHA,Iron & Steel,Steel & Iron Products,364.58
73,Oil Country Tubular Ltd.,OILCOUNTUB,Iron & Steel,Steel & Iron Products,333.17
74,PS Raj Steels Ltd.,PSRAJ,Iron & Steel,Steel & Iron Products,331.31
75,Supershakti Metaliks Ltd.,SUPERSHAKT,Iron & Steel,Steel & Iron Products,289.17
76,Krishca Strapping Solutions Ltd.,KRISHCA,Iron & Steel,Steel & Iron Products,276.82
77,Innomet Advanced Materials Ltd.,INNOMET,Iron & Steel,Metal - Ferrous,272.0
78,Ahmedabad Steelcraft Ltd.,AHMDSTE,Iron & Steel,Steel & Iron Products,268.56
79,Remi Edelstahl Tubulars Ltd.,REMIEDEL,Iron & Steel,Steel & Iron Products,268.18
80,Suraj Products Ltd.,SURAJ,Iron & Steel,Steel & Iron Products,264.14
81,Chaman Metallics Ltd.,CMNL,Iron & Steel,Steel/Sponge Iron/Pig Iron,258.24
82,VMS TMT Ltd.,VMSTMT,Iron & Steel,Steel & Iron Products,254.51
83,D.P. Wires Ltd.,DPWIRES,Iron & Steel,Steel & Iron Products,253.28
84,Riddhi Steel & Tube Ltd.,RSTL,Iron & Steel,Steel & Iron Products,244.23
85,Geekay Wires Ltd.,GEEKAYWIRE,Iron & Steel,Steel & Iron Products,236.22
86,Rathi Steel & Power Ltd.,RATHIST,Iron & Steel,Steel & Iron Products,227.39
87,Rudra Global Infra Products Ltd.,RUDRA,Iron & Steel,Steel & Iron Products,223.27
88,Vibhor Steel Tubes Ltd.,VSTL,Iron & Steel,Steel & Iron Products,203.75
89,Vaswani Industries Ltd.,VASWANI,Iron & Steel,Steel/Sponge Iron/Pig Iron,174.94
90,East India Drums And Barrels Manufacturing Ltd.,EASTINDIA,Iron & Steel,Steel & Iron Products,174.26
91,Maiden Forgings Ltd.,MAIDEN,Iron & Steel,Steel & Iron Products,158.28
92,Surani Steel Tubes Ltd.,SURANI,Iron & Steel,Steel & Iron Products,155.4
93,Shri Bajrang Alliance Ltd.,SHBAJRG,Iron & Steel,Steel & Iron Products,153.9
94,Incredible Industries Ltd.,INCREDIBLE,Iron & Steel,Steel & Iron Products,153.39
95,Karbonsteel Engineering Ltd.,KARBON,Iron & Steel,Steel & Iron Products,149.9
96,Kritika Wires Ltd.,KRITIKA,Iron & Steel,Steel & Iron Products,148.85
97,Shah Alloys Ltd.,SHAHALLOYS,Iron & Steel,Steel & Iron Products,142.76
98,LA TIM Metal & Industries Ltd.,LATIMMETAL,Iron & Steel,Steel & Iron Products,142.27
99,Kanishk Steel Industries Ltd.,KANSHST,Iron & Steel,Steel & Iron Products,137.09
100,Steelco Gujarat Ltd.,STEELCO,Iron & Steel,Steel & Iron Products,116.89
101,Bihar Sponge Iron Ltd.,BIHSPONG,Iron & Steel,Steel/Sponge Iron/Pig Iron,110.95
102,KIC Metaliks Ltd.,KAJARIR,Iron & Steel,Steel/Sponge Iron/Pig Iron,108.51
103,Gabion Technologies India Ltd.,GTIL,Iron & Steel,Steel & Iron Products,100.1
104,MPK Steels (I) Ltd.,MPKSTEELS,Iron & Steel,Steel & Iron Products,99.77
105,Alliance Integrated Metaliks Ltd.,AIML,Iron & Steel,Steel & Iron Products,97.95
106,Sarthak Metals Ltd.,SMLT,Iron & Steel,Steel & Iron Products,97.9
107,Excellent Wires And Packaging Ltd.,EXCELLENT,Iron & Steel,Steel & Iron Products,96.11
108,Garg Furnace Ltd.,GARGFUR,Iron & Steel,Steel & Iron Products,92.26
109,Hisar Metal Industries Ltd.,HISARMETAL,Iron & Steel,Steel & Iron Products,82.54
110,Zenith Steel Pipes & Industries Ltd.,ZENITHSTL,Iron & Steel,Steel & Iron Products,78.54
111,Sharda Ispat Ltd.,SHRDAIS,Iron & Steel,Metal - Ferrous,77.17
112,Mangalam Alloys Ltd.,MAL,Iron & Steel,Steel & Iron Products,76.28
113,Shri Hare-Krishna Sponge Iron Ltd.,SHKSIL,Iron & Steel,Steel/Sponge Iron/Pig Iron,71.01
114,Prakash Steelage Ltd.,PRAKASHSTL,Iron & Steel,Steel & Iron Products,69.3
115,Aditya Ultra Steel Ltd.,AUSL,Iron & Steel,Steel & Iron Products,65.81
116,Kasturi Metal Composite Ltd.,KASTURI,Iron & Steel,Steel & Iron Products,59.25
117,Supreme Engineering Ltd.,SUPREMEENG,Iron & Steel,Steel & Iron Products,58.24
118,Anubhav Plast Ltd.,ANUBHAV,Iron & Steel,Steel & Iron Products,55.0
119,Tulsyan NEC Ltd.,TULSYAN,Iron & Steel,Steel & Iron Products,49.2
120,Abha Power And Steel Ltd.,ABHAPOWER,Iron & Steel,Steel & Iron Products,47.68
121,Rajasthan Tube Manufacturing Company Ltd.,RAJTUBE,Iron & Steel,Steel & Iron Products,46.79
122,Swastik Pipes Ltd.,SWASTIK,Iron & Steel,Steel & Iron Products,44.14
123,Nova Iron & Steel Ltd.,NOVIS,Iron & Steel,Steel & Iron Products,42.97
124,NewMalayalam Steel Ltd.,NMSTEEL,Iron & Steel,Steel & Iron Products,40.71
125,Grand Foundry Ltd.,GFSTEELS,Iron & Steel,Steel & Iron Products,40.53
126,Metal Coatings (India) Ltd.,METALCO,Iron & Steel,Steel & Iron Products,40.11
127,Dhatre Udyog Ltd.,DHATRE,Iron & Steel,Steel & Iron Products,39.88
128,Umiya Tubes Ltd.,UMIYA,Iron & Steel,Steel & Iron Products,37.7
129,Deem Roll-Tech Ltd.,DEEM,Iron & Steel,Steel & Iron Products,35.68
130,Shri Kanha Stainless Ltd.,SHRIKANHA,Iron & Steel,Steel & Iron Products,34.28
131,Mittal Sections Ltd.,MITTALSTL,Iron & Steel,Steel & Iron Products,31.23
132,Aanchal Ispat Ltd.,AANCHALISP,Iron & Steel,Steel & Iron Products,30.01
133,Ashirwad Steels & Industries Ltd.,ASHSI,Iron & Steel,Steel & Iron Products,28.45
134,National General Industries Ltd.,NATGENI,Iron & Steel,Steel & Iron Products,27.32
135,Inducto Steel Ltd.,INDCTST,Iron & Steel,Steel & Iron Products,26.88
136,Rathi Bars Ltd.,RATHIBAR,Iron & Steel,Steel & Iron Products,26.24
137,Kalana Ispat Ltd.,KALANA,Iron & Steel,Steel & Iron Products,24.84
138,Kridhan Infra Ltd.,KRIDHANINF,Iron & Steel,Steel & Iron Products,24.66
139,Bombay Wire Ropes Ltd.,BOMBWIR,Iron & Steel,Steel & Iron Products,22.96
140,Ankit Metal & Power Ltd.,ANKITMETAL,Iron & Steel,Steel & Iron Products,22.15
141,Unison Metals Ltd.,UNISON,Iron & Steel,Steel & Iron Products,21.92
142,Mukat Pipes Ltd.,MUKATPIP,Iron & Steel,Steel & Iron Products,19.48
143,Modern Steels Ltd.,MDRNSTL,Iron & Steel,Steel & Iron Products,18.58
144,Quality Foils (India) Ltd.,QFIL,Iron & Steel,Steel & Iron Products,17.92
145,Crimson Metal Engineering Company Ltd.,CRIMSON,Iron & Steel,Steel & Iron Products,17.42
146,Earthstahl & Alloys Ltd.,EARTH,Iron & Steel,Steel & Iron Products,17.38
147,Taparia Tools Ltd.,TAPARIA,Iron & Steel,Steel & Iron Products,16.73
148,Ashiana Ispat Ltd.,ASHIS,Iron & Steel,Steel & Iron Products,13.94
149,Tamilnadu Steel Tubes Ltd.,TNSTLTU,Iron & Steel,Steel & Iron Products,13.71
150,Eastcoast Steel Ltd.,ECSTSTL,Iron & Steel,Steel & Iron Products,10.69
151,Shree Steel Wire Ropes Ltd.,SSWRL,Iron & Steel,Steel & Iron Products,8.91
152,Monind Ltd.,MONIND,Iron & Steel,Steel & Iron Products,8.4
153,MFS Intercorp Ltd.,MFSINTRCRP,Iron & Steel,Metal - Ferrous,6.05
154,Mahalaxmi Seamless Ltd.,MAHALXSE,Iron & Steel,Steel & Iron Products,5.91
155,Aditya Ispat Ltd.,ADITYA,Iron & Steel,Steel & Iron Products,4.6
156,Elango Industries Ltd.,ELANGO,Iron & Steel,Steel/Sponge Iron/Pig Iron,4.0
157,Vallabh Steels Ltd.,VALLABHSQ,Iron & Steel,Steel & Iron Products,3.8
158,Heera Ispat Ltd.,HEERAISP,Iron & Steel,Steel & Iron Products,3.42
159,Welspun Specialty Solutions Ltd. - (Rights Entitlements (REs)),WELSPL-RE,Iron & Steel,Steel & Iron Products,0.0
160,Unison Metals Ltd. - (Rights Entitlements (REs)),UNISON-RE,Iron & Steel,Steel & Iron Products,0.0
161,Shah Metacorp Ltd. - (Rights Entitlements (REs)),SHAH-RE1,Iron & Steel,Steel & Iron Products,0.0
